{
  "models": [
    {
      "model_name": "itemtree",
      "sparse_weights" : true,
      "verbose": false,
      "similarity_mode": "jaccard",
      "normalize" : false,
      "alpha": 0.7017094,
      "beta": 0.51034483,
      "gamma": 0.16206897
    }
  ],

    "alpha": 
      [0.45555556, 0.46467237, 0.47378918, 0.48290599, 0.4920228,
        0.5011396, 0.51025641, 0.51937322, 0.52849003, 0.53760684,
        0.54672365, 0.55584046, 0.56495727, 0.57407408, 0.58319089,
        0.59230769, 0.6014245, 0.61054131, 0.61965812, 0.62877493,
        0.63789174, 0.64700855, 0.65612536, 0.66524217, 0.67435898,
        0.68347578, 0.69259259, 0.7017094, 0.71082621, 0.71994302,
        0.72905983, 0.73817664, 0.74729345, 0.75641026, 0.76552707,
        0.77464387, 0.78376068, 0.79287749, 0.8019943, 0.81111111
      ]
    ,
    "beta_2": [0.4, 0.40689655, 0.4137931, 0.42068966, 0.42758621,
      0.43448276, 0.44137931, 0.44827586, 0.45517241, 0.46206897,
      0.46896552, 0.47586207, 0.48275862, 0.48965517, 0.49655172],
    "beta":[0.50344828, 0.51034483, 0.51724138, 0.52413793, 0.53103448,
      0.53793103, 0.54482759, 0.55172414, 0.55862069, 0.56551724,
      0.57241379, 0.57931034, 0.5862069, 0.59310345, 0.6
    ],
    "gamma": [0.1, 0.10689655, 0.1137931, 0.12068966, 0.12758621,
      0.13448276, 0.14137931, 0.14827586, 0.15517241, 0.16206897,
      0.16896552, 0.17586207, 0.18275862, 0.18965517, 0.19655172,
      0.20344828, 0.21034483, 0.21724138, 0.22413793, 0.23103448,
      0.23793103, 0.24482759, 0.25172414, 0.25862069, 0.26551724,
      0.27241379, 0.27931034, 0.2862069, 0.29310345, 0.3
    ]
    
    
}