{
  "models": [
    {
      "model_name": "itemtree",
      "sparse_weights" : true,
      "alpha": 0.4002,
      "beta": 0.37368421,
      "gamma": 0.16896552
    }
  ],

    "alpha": [0.3, 0.31052632, 0.32105263, 0.33157895, 0.34210526,
      0.35263158, 0.36315789, 0.37368421, 0.38421053, 0.39473684,
      0.40526316, 0.41578947, 0.42631579, 0.43684211, 0.44736842,
      0.45789474, 0.46842105, 0.47894737, 0.48947368, 0.5
    ],
    "beta": [0.3, 0.31052632, 0.32105263, 0.33157895, 0.34210526,
      0.35263158, 0.36315789, 0.37368421, 0.38421053, 0.39473684,
      0.40526316, 0.41578947, 0.42631579, 0.43684211, 0.44736842,
      0.45789474, 0.46842105, 0.47894737, 0.48947368, 0.5
    ],
    "gamma": [0.1, 0.10689655, 0.1137931, 0.12068966, 0.12758621,
      0.13448276, 0.14137931, 0.14827586, 0.15517241, 0.16206897,
      0.16896552, 0.17586207, 0.18275862, 0.18965517, 0.19655172,
      0.20344828, 0.21034483, 0.21724138, 0.22413793, 0.23103448,
      0.23793103, 0.24482759, 0.25172414, 0.25862069, 0.26551724,
      0.27241379, 0.27931034, 0.2862069, 0.29310345, 0.3
    ]
    
    
}