{
    "models": [
        {
            "model_name" : "seqrand_mark2",
            "sparse_weights" : true,
            "verbose" : false,
            "similarity_mode" : "jaccard",
            "normalize" : false,
            "alpha" : 0.7017094,
            "beta" :0.51034483,
            "gamma" : 0.75,
            "omega": 0.16206897
        }
    ],
    "alpha": [0.1, 0.2, 0.3, 0.4, 0.5, 0.6, 0.7, 0.8, 0.9],
    "beta": [0.1, 0.2, 0.3, 0.4, 0.5, 0.6, 0.7, 0.8, 0.9],
    "gamma": [0.1, 0.2, 0.3, 0.4, 0.5, 0.6, 0.7, 0.8, 0.9],
    "omega" : [0.5       , 0.52857143, 0.55714286, 0.58571429, 0.61428571,
       0.64285714, 0.67142857, 0.7       , 0.72857143, 0.75714286,
       0.78571429, 0.81428571, 0.84285714, 0.87142857, 0.9       ],
    "dataReader": {
        "adjustSequentials" : true
    }
}
