{
    "models": [
        {
            "model_name": "slim_bpr_mark1",
            "sparse_weights": false,
            "positive_threshold": 1,
            "recompile_cython": false,
            "symmetric": true,
            "sgd_mode": "adagrad"
        }
    ],
    "k": [10,20,30,40,50,100,150,200,250,300,350,400,500,750,1000],
    "lambda_i": [0.1, 0.23571429, 0.37142857, 0.50714286, 0.64285714,
        0.77857143, 0.91428571, 1.05, 1.18571429, 1.32142857,
        1.45714286, 1.59285714, 1.72857143, 1.86428571, 2],
    "lambda_j": [0.1, 0.23571429, 0.37142857, 0.50714286, 0.64285714,
        0.77857143, 0.91428571, 1.05, 1.18571429, 1.32142857,
        1.45714286, 1.59285714, 1.72857143, 1.86428571, 2],
    "dataReader": {
        "adjustSequentials": false
    }
}